Textbox7,,
"Printed on: Wednesday, February 21, 2018 1:14 PM
Print Group IDs included: 26925,26927,26928,26929,26930,26931,26932",,
,,
Quantity1,ProductCode,ProductDescription
99,32192,Our Triune God
58,32191,Hearing the Spirit
16,15905USB,Faith that Works USB
8,31871,Lasting Love
6,26301CD,Life In The Spirit
6,30361,Morning and Evening Devotional -Hardcover
5,30047,Indexed Spurgeon Study Bible
4,32102,Parenting God's Way
3,1898CD,The Story
3,25914USB,Five Years of Favorites
2,16004USB,Standing Firm in Shaky Times USB
2,26301MP3CD,Life in the Spirit
2,2768CD,The Chain of Salvation
2,3052CD,Scripture - God Breathed
2,3259MCD,The Message
1,12301CD,Comfort In Chaos
1,12705USB,And He Shall Reign USB
1,14609USB,Firm Foundation USB
1,15602CD,For Goodness' Sake
1,16001MP3CD,Standing Firm in Shaky Times - Volume 1
1,16002MP3CD,Standing Firm in Shaky Times - Volume 2
1,16003MP3CD,Standing Firm in Shaky Times - Volume 3
1,2191CD,The Baptism Debate
1,22702CD,"Dangers, Toils and Snares"
1,23101MP3CD,Crossing The Barriers
1,23101S,Crossing the Barriers Study Guide
1,23301CD,"Christian Manifesto, A"
1,24501CD,Why Bother with the Bible?
1,25401CD,"Light in the Darkness, A"
1,25801CD,Some Strange Ideas
1,25908CD,Encore 2017
1,26001CD,Thankful Living
1,26101CD,Here is Your God!
1,26501CD,Songs for a Savior
1,30049,Burgundy - Spurgeon Study Bible
1,30451,Preaching for God's Glory
1,3151DVD,"The Eyes of Your Heart, Part One"
1,3153DVD,Till All His Foes Submit
1,32052,New City Catechism
1,32092,The Fruitful Life
2,22222MP3CD,Story 3 Volume Set
1,32131,Can I Really Trust the Bible?
1,32151,The Character of the Church
1,3240DVD,"An Exposition of Psalm 19, Part Two"
1,SHIPADJ,Shipping Adjustment
5,11111MP3CD,Story -Three Volume Set, the
